{
"flights": [
  {
    "AirportCode":"LAX",
    "AirportName":"Los Angeles",
    "from":"LAX",
    "to":"Austin",
    "Departure":"25 Jun 2019",
    "Arrival":"25 Jun 2019",
    "depTime":"1:05 AM",
    "arrTime":"2:05 AM"
  },
  {
    "AirportCode":"Aus",
    "AirportName":"Austin",
    "from":"Aus",
    "to":"LAX",
    "Departure":"25 Jun 2019",
    "Arrival":"25 Jun 2019",
    "time":"3:05 AM"
  },
  {
    "AirportCode":"CAL",
    "AirportName":"California",
    "from":"CAL",
    "to":"NY",
    "Departure":"15 Jun 2019",
    "Arrival":"15 Jun 2019",
    "time":"10:05 AM"
  }
]
}